URL,MAIL,VORNAME,NACHNAME
https://www.europarl.europa.eu/meps/en/202073,marc.angel@europarl.europa.eu,Marc,ANGEL
https://www.europarl.europa.eu/meps/en/840,charles.goerens@europarl.europa.eu,Charles,GOERENS
https://www.europarl.europa.eu/meps/en/256900,fernand.kartheiser@europarl.europa.eu,Fernand,KARTHEISER
https://www.europarl.europa.eu/meps/en/249603,martine.kemp@europarl.europa.eu,Martine,KEMP
https://www.europarl.europa.eu/meps/en/193292,tilly.metz@europarl.europa.eu,Tilly,METZ
https://www.europarl.europa.eu/meps/en/197421,isabel.wiseler@europarl.europa.eu,Isabel,WISELER-LIMA
